{
    "avg_coherence_scores": 0.46666171581739535,
    "avg_silhouette_scores": 0.1700830226556437,
    "avg_davies_bouldin_scores": 1.9320807557361526,
    "avg_topic_counts": 4.14,
    "avg_noise_counts": 19.32
}